小韻號,對應廣韻小韻號
1,1
2,2
3,3
4,4
5,5
6,6
7,7
8,8
9,9
10,10
11,11
12,12
13,13
14,14
15,15
16,16
17,17
18,18
19,19
20,20
21,21
22,22
23,23
24,24
25,25
26,26
27,27
28,28
29,29
30,30
31,31
32,32
33,35
34,36
35,37
36,38
37,65
38,66
39,67
40,39
41,40
42,41
43,42
44,45
45,46
46,47
47,48
48,49
49,50
50,51
51,52
52,53
53,54
54,55
55,56
56,57
57,58
58,59
59,60
60,61
61,62
62,63
63,64
64,69
65,70
66,71
67,72
68,73
69,74
70,75
71,76
72,77
73,78
74,79
75,81
76,82
77,83
78,84
79,87
80,88
81,89
82,90
83,91
84,92
85,93
86,94
87,95
88,96
89,97
90,98
91,99
92,100
93,101
94,102
95,103
96,104
97,105
98,106
99,107
100,108
101,109
102,110
103,111
104,112
105,113
106,114
107,115
108,116
109,117
110,118
111,119
112,120
113,121
114,122
115,123
116,124
117,125
118,126
119,127
120,128
121,129
122,139
123,130
124,131
125,132
126,133
127,134
128,135
129,136
130,137
131,144
132,145
133,146
134,147
135,148
136,149
137,150
138,151
139,152
140,153
141,154
142,155
143,156
144,157
145,158
146,159
147,160
148,161
149,162
150,163
151,164
152,165
153,166
154,167
155,168
156,169
157,170
158,171
159,172
160,173
161,174
162,175
163,176
164,177
165,178
166,179
167,180
168,181
169,182
170,183
171,184
172,186
173,187
174,188
175,189
176,190
177,191
178,192
179,193
180,194
181,195
182,196
183,197
184,198
185,199
186,200
187,201
188,202
189,203
190,204
191,205
192,206
193,207
194,208
195,211
196,212
197,213
198,214
199,215
200,216
201,217
202,218
203,219
204,220
205,221
206,222
207,223
208,225
209,224
210,226
211,227
212,228
213,229
214,230
215,231
216,232
217,233
218,234
219,235
220,236
221,237
222,238
223,239
224,240
225,241
226,242
227,243
228,244
229,245
230,246
231,247
232,248
233,249
234,250
235,251
236,252
237,253
238,254
239,255
240,256
241,257
242,258
243,259
244,260
245,261
246,262
247,263
248,264
249,265
250,266
251,267
252,269
253,270
254,271
255,272
256,273
257,274
258,275
259,276
260,277
261,278
262,279
263,280
264,281
265,282
266,283
267,284
268,285
269,286
270,287
271,288
272,289
273,290
274,291
275,292
276,293
277,294
278,295
279,296
280,297
281,298
282,299
283,300
284,301
285,302
286,304
287,303
288,305
289,306
290,307
291,308
292,309
293,310
294,319
295,311
296,312
297,313
298,314
299,315
300,316
301,317
302,318
303,320
304,323
305,324
306,325
307,326
308,327
309,328
310,329
311,330
312,331
313,332
314,333
315,334
316,335
317,336
318,337
319,338
320,335
321,340
322,342
323,343
324,344
325,345
326,346
327,347
328,348
329,349
330,351
331,352
332,353
333,354
334,356
335,357
336,364
337,365
338,366
339,367
340,368
341,369
342,370
343,371
344,372
345,373
346,375
347,374
348,376
349,377
350,378
351,379
352,380
353,381
354,383
355,384
356,385
357,386
358,387
359,388
360,389
361,390
362,391
363,393
364,394
365,395
366,396
367,397
368,401
369,445
370,440
371,447
372,441
373,442
374,438
375,439
376,403
377,414
378,404
379,405
380,406
381,410
382,407
383,402
384,412
385,413
386,415
387,416
388,417
389,418
390,408
391,409
392,419
393,423
394,420
395,424
396,433
397,411
398,437
399,444
400,443
401,448
402,422
403,421
404,449
405,446
406,435
407,436
408,434
409,430
410,431
411,427
412,432
413,428
414,429
415,426
416,425
417,452
418,453
419,454
420,455
421,456
422,457
423,458
424,459
425,460
426,461
427,462
428,463
429,465
430,466
431,467
432,464
433,468
434,469
435,470
436,472
437,473
438,471
439,474
440,475
441,476
442,477
443,478
444,479
445,480
446,481
447,483
448,484
449,485
450,486
451,487
452,488
453,489
454,490
455,491
456,492
457,493
458,494
459,495
460,496
461,497
462,498
463,499
464,502
465,503
466,504
467,505
468,506
469,507
470,522
471,525
472,531
473,523
474,529
475,533
476,532
477,526
478,527
479,524
480,534
481,530
482,528
483,509
484,510
485,517
486,515
487,535
488,519
489,536
490,512
491,518
492,516
493,513
494,537
495,511
496,514
497,520
498,538
499,539
500,540
501,541
502,543
503,544
504,545
505,547
506,546
507,548
508,549
509,550
510,554
511,555
512,556
513,557
514,558
515,559
516,560
517,561
518,30529
519,562
520,563
521,564
522,565
523,575
524,576
525,577
526,578
527,579
528,580
529,581
530,582
531,583
532,584
533,585
534,586
535,587
536,588
537,589
538,590
539,591
540,592
541,593
542,594
543,595
544,598
545,599
546,600
547,601
548,602
549,603
550,604
551,605
552,606
553,607
554,608
555,609
556,610
557,611
558,612
559,613
560,614
561,615
562,616
563,617
564,618
565,619
566,620
567,621
568,622
569,623
570,624
571,625
572,626
573,627
574,628
575,629
576,630
577,631
578,632
579,633
580,634
581,635
582,636
583,637
584,638
585,639
586,640
587,647
588,641
589,642
590,644
591,609
592,621
593,648
594,649
595,650
596,651
597,652
598,653
599,654
600,655
601,656
602,657
603,658
604,659
605,660
606,661
607,662
608,663
609,664
610,665
611,666
612,667
613,668
614,669
615,670
616,671
617,672
618,673
619,674
620,675
621,676
622,677
623,678
624,679
625,680
626,681
627,682
628,683
629,684
630,685
631,687
632,688
633,689
634,690
635,691
636,692
637,693
638,694
639,695
640,696
641,697
642,698
643,699
644,700
645,701
646,702
647,697
648,706
649,707
650,708
651,709
652,710
653,711
654,712
655,713
656,714
657,715
658,716
659,717
660,718
661,720
662,719
663,721
664,722
665,723
666,725
667,753
668,739
669,749
670,742
671,746
672,747
673,754
674,755
675,726
676,727
677,728
678,743
679,745
680,729
681,730
682,731
683,732
684,733
685,734
686,735
687,736
688,751
689,752
690,737
691,738
692,748
693,750
694,744
695,756
696,741
697,759
698,766
699,767
700,768
701,769
702,770
703,771
704,772
705,773
706,774
707,775
708,776
709,777
710,778
711,779
712,780
713,781
714,782
715,783
716,784
717,785
718,786
719,787
720,788
721,789
722,790
723,791
724,792
725,793
726,794
727,795
728,796
729,797
730,798
731,1072
732,1073
733,1074
734,1075
735,1076
736,1077
737,1080
738,1079
739,1078
740,1081
741,1082
742,1083
743,1084
744,1085
745,1087
746,1088
747,1089
748,1090
749,1091
750,1092
751,1093
752,1094
753,1095
754,1096
755,1097
756,1098
757,805
758,806
759,807
760,808
761,809
762,810
763,811
764,812
765,813
766,814
767,815
768,816
769,817
770,818
771,819
772,820
773,821
774,822
775,823
776,824
777,825
778,826
779,827
780,828
781,829
782,830
783,831
784,832
785,833
786,834
787,835
788,836
789,837
790,838
791,839
792,840
793,841
794,842
795,843
796,844
797,845
798,846
799,847
800,848
801,849
802,850
803,851
804,852
805,853
806,854
807,855
808,856
809,857
810,858
811,859
812,861
813,862
814,863
815,864
816,865
817,866
818,867
819,868
820,869
821,870
822,871
823,872
824,873
825,874
826,875
827,876
828,877
829,878
830,879
831,880
832,881
833,882
834,883
835,884
836,885
837,886
838,887
839,888
840,889
841,890
842,891
843,893
844,894
845,895
846,896
847,897
848,898
849,899
850,900
851,901
852,902
853,903
854,904
855,905
856,906
857,907
858,908
859,909
860,910
861,911
862,912
863,913
864,914
865,915
866,916
867,917
868,918
869,919
870,920
871,921
872,922
873,923
874,924
875,925
876,926
877,927
878,928
879,929
880,931
881,932
882,933
883,934
884,935
885,936
886,937
887,938
888,939
889,940
890,941
891,30915
892,942
893,943
894,944
895,945
896,986
897,987
898,988
899,989
900,990
901,991
902,992
903,993
904,994
905,995
906,997
907,998
908,999
909,1000
910,1001
911,1002
912,1003
913,992
914,1004
915,1005
916,1006
917,1007
918,1008
919,1009
920,1010
921,996
922,1011
923,1012
924,1013
925,1014
926,1015
927,1016
928,1017
929,1018
930,1019
931,1020
932,1021
933,1022
934,1023
935,1024
936,1025
937,1026
938,1027
939,1028
940,1029
941,1030
942,1034
943,1035
944,1036
945,1038
946,1037
947,1039
948,1040
949,1041
950,1042
951,1043a
952,1043b
953,1044
954,1045
955,1046
956,1047
957,1048
958,1049
959,1050
960,1051
961,1052
962,1053
963,1054
964,1055
965,1056
966,1057
967,1058
968,1059
969,1060
970,1061
971,1062
972,1063
973,1064
974,1065
975,1066
976,1067
977,1068
978,1069
979,1070
980,1099
981,1100
982,1101
983,1103
984,1104
985,1102
986,1105
987,1106
988,1107
989,1108
990,1109
991,1110
992,1111
993,1112
994,1113
995,1114
996,1115
997,1116
998,1117
999,1118
1000,1119
1001,1120
1002,1124
1003,1125
1004,1126
1005,1127
1006,1128
1007,1129
1008,1130
1009,1131
1010,1132
1011,946
1012,947
1013,948
1014,949
1015,950
1016,951
1017,952
1018,953
1019,954
1020,955
1021,956
1022,957
1023,958
1024,959
1025,960
1026,961
1027,962
1028,963
1029,964
1030,966
1031,969
1032,970
1033,971
1034,972
1035,973
1036,974
1037,975
1038,976
1039,977
1040,978
1041,979
1042,980
1043,981
1044,982
1045,983
1046,1133
1047,1134
1048,1135
1049,1136
1050,1137
1051,1138
1052,1139
1053,1140
1054,1141
1055,1142
1056,1143
1057,1144
1058,1145
1059,1146
1060,1147
1061,1148
1062,1151
1063,1152
1064,1153
1065,1154
1066,1155
1067,1156
1068,1157
1069,1158
1070,1159
1071,1160
1072,1161
1073,1162
1074,1163
1075,1164
1076,1165
1077,1166
1078,1167
1079,1169
1080,1171
1081,1172
1082,1173
1083,1174
1084,1175
1085,1176
1086,1177
1087,1178
1088,1179
1089,1180
1090,1181
1091,1182
1092,1183
1093,1184
1094,1185
1095,1193
1096,1194
1097,1195
1098,1197
1099,1196
1100,1200
1101,1201
1102,1202
1103,1203
1104,1204
1105,1205
1106,1206
1107,1207
1108,1208
1109,1209
1110,1210
1111,1211
1112,1212
1113,1213
1114,1214
1115,1215
1116,1216
1117,1217
1118,1218
1119,1219
1120,1220
1121,1221
1122,1222
1123,1223
1124,1224
1125,1225
1126,1226
1127,1227
1128,1228
1129,1229
1130,1230
1131,1231
1132,1232
1133,1233
1134,1234
1135,1235
1136,1212
1137,1236
1138,1237
1139,1238
1140,1239
1141,1240
1142,1241
1143,1242
1144,1243
1145,1244
1146,1251
1147,1252
1148,1253
1149,1254
1150,1255
1151,1256
1152,1257
1153,1258
1154,1259
1155,1260
1156,1261
1157,1263
1158,1262
1159,1264
1160,1265
1161,1266
1162,1267
1163,1268
1164,1269
1165,1270
1166,1271
1167,1272
1168,1273
1169,1274
1170,1275
1171,1276
1172,1277
1173,1278
1174,1285
1175,1279
1176,1280
1177,1284
1178,1286
1179,1287
1180,1288
1181,1289
1182,1291
1183,1292
1184,1290
1185,1293
1186,1294
1187,1295
1188,1297
1189,1296
1190,1298
1191,1299
1192,1300
1193,1301
1194,1302
1195,1303
1196,1304
1197,1305
1198,1306
1199,1307a
1200,1308
1201,1311
1202,1313
1203,1312
1204,1314
1205,1315
1206,1316
1207,1317
1208,1318
1209,1319
1210,1320
1211,1321
1212,1322
1213,1323
1214,1324
1215,1325
1216,1326
1217,1327
1218,1328
1219,1329
1220,1330
1221,1331
1222,1332
1223,1333
1224,1335
1225,1334
1226,1336
1227,1337
1228,1338
1229,1339
1230,1340
1231,1341
1232,1342
1233,1343
1234,1344
1235,1345
1236,1346
1237,1348
1238,1347
1239,1349
1240,1350
1241,1351
1242,1352
1243,1353
1244,1354
1245,1355
1246,1356
1247,1357
1248,1358
1249,1359
1250,1360
1251,1361
1252,1362
1253,1363
1254,1364
1255,1365
1256,1366
1257,1367
1258,1368
1259,1369
1260,1370
1261,1371
1262,1374
1263,1375
1264,1376
1265,1377
1266,1379
1267,1380
1268,1378
1269,1381
1270,1382
1271,1383
1272,1384
1273,1385
1274,1386
1275,1387
1276,1388
1277,1389
1278,1390
1279,1391
1280,1392
1281,1393
1282,1394
1283,1395
1284,1396
1285,1397
1286,1399
1287,1398
1288,1400
1289,1401
1290,1402
1291,1403
1292,1404
1293,1405
1294,1406
1295,1409
1296,1412
1297,1413
1298,31348
1299,1410
1300,1411
1301,1414
1302,1416
1303,1415
1304,1424
1305,1425
1306,1426
1307,1427
1308,1428
1309,1429
1310,1430
1311,1431
1312,1433
1313,1432
1314,1434
1315,1435
1316,1436
1317,1437
1318,1438
1319,1440
1320,1441
1321,1442
1322,1444
1323,1445
1324,1446
1325,1447
1326,1448
1327,1449
1328,1450
1329,1451
1330,1452
1331,1453
1332,1454
1333,1455
1334,1456
1335,1457
1336,1458
1337,1459
1338,1465
1339,1466
1340,1488
1341,1484
1342,1485
1343,1486
1344,1481
1345,1476
1346,1483
1347,1479
1348,1472
1349,1467
1350,1480
1351,1469
1352,1470
1353,1473
1354,1474
1355,1482
1356,1468
1357,1477
1358,1489
1359,1499
1360,1500
1361,1501
1362,1502
1363,1503
1364,1504
1365,1507
1366,1508
1367,1510
1368,1513
1369,1512
1370,1511
1371,1515
1372,1516
1373,1517
1374,1518
1375,1519
1376,1520
1377,1521
1378,1522
1379,1523
1380,1524
1381,1525
1382,1526
1383,1527
1384,1528
1385,1529
1386,1530
1387,1532
1388,1533
1389,1534
1390,1535
1391,1536
1392,1537
1393,1538
1394,1539
1395,1540
1396,1541
1397,1543
1398,1547
1399,1548
1400,1549
1401,1550
1402,1561
1403,1562
1404,1565
1405,1568
1406,1569
1407,1570
1408,1563
1409,1573
1410,1566
1411,1575
1412,1564
1413,1571
1414,1567
1415,1572
1416,1554
1417,1552
1418,1551
1419,1557
1420,1556
1421,1553
1422,1555
1423,1559
1424,1558
1425,1578
1426,1579
1427,1580
1428,1581
1429,1582
1430,1583
1431,1584
1432,1585
1433,1586
1434,1587
1435,1589
1436,1588
1437,1584
1438,1592
1439,1593
1440,1594
1441,1595
1442,1596
1443,1597
1444,1598
1445,1599
1446,1602
1447,1603
1448,1604
1449,1605
1450,1606
1451,1607
1452,1608
1453,1609
1454,1611
1455,1610
1456,1612
1457,1613
1458,1615
1459,1614
1460,1616
1461,1619
1462,1620
1463,1621
1464,1623
1465,1622
1466,1624
1467,1625
1468,1626
1469,1627
1470,1629
1471,1628a
1472,1630
1473,1631
1474,1633
1475,1635
1476,1632
1477,1634
1478,1636
1479,1637
1480,1638
1481,1639
1482,1640
1483,1641
1484,1642
1485,1643
1486,1644
1487,1645
1488,1646
1489,1647
1490,1648
1491,1649
1492,1650
1493,1651
1494,1652
1495,1653
1496,1654
1497,1655
1498,1656
1499,1657
1500,1628b
1501,1658
1502,1664
1503,1665
1504,1666
1505,1667
1506,1668
1507,1669
1508,1670
1509,1671
1510,1672
1511,1673
1512,1674
1513,1675
1514,1676
1515,1677
1516,1678
1517,1681
1518,1679
1519,1682
1520,1683
1521,1684
1522,1685
1523,1686
1524,1687
1525,1688
1526,1690
1527,1691
1528a,1692a
1528b,1692b
1529,1693
1530,1694
1531,1695
1532,1696
1533,1699
1534,1700
1535,1701
1536,1702
1537,1703
1538,1704
1539,1705
1540,1706
1541,1707
1542,1708
1543,1710
1544,1713
1545,1714
1546,1715
1547,1716
1548,1717
1549,1718
1550,1720
1551,1719
1552,1721
1553,1722
1554,1723
1555,1724
1556,1725
1557,1726
1558,1727
1559,1728
1560,1729
1561,1731
1562,1759
1563,1745
1564,1746
1565,1747
1566,1748
1567,1749
1568,1757
1569,1756
1570,1753
1571,1758
1572,1760
1573,1751
1574,1735
1575,1742
1576,1736
1577,1744
1578,1750
1579,1741
1580,1754
1581,1755
1582,1743
1583,1739
1584,1738
1585,1752
1586,1734
1587,1732
1588,1733
1589,1764
1590,1765
1591,1766
1592,1767
1593,1768
1594,1770
1595,1771
1596,1772
1597,1773
1598,1777
1599,1776
1600,1779
1601,1780
1602,1778
1603,1781
1604,1782
1605,1783
1606,1784
1607,1785
1608,1786
1609,1787
1610,1788
1611,1789
1612,1790
1613,1791
1614,1792
1615,1793
1616,1794
1617,2005
1618,2006
1619,2007
1620,2008
1621,2009
1622,2010
1623,2011
1624,2012
1625,2013
1626,2014
1627,2015
1628,2016
1629,2017
1630,2018
1631,2020
1632,2022
1633,2023
1634,2024
1635,2025
1636,2026
1637,2027
1638,2028
1639,2029
1640,2031
1641,1800
1642,1801
1643,1802
1644,1803
1645,1805
1646,1804
1647,1806
1648,1807
1649,1808
1650,1809
1651,1810
1652,1812
1653,1811
1654,1813
1655,1814
1656,1815
1657,1817
1658,1818
1659,1819
1660,1820
1661,1821
1662,1822
1663,1823
1664,1824
1665,1827
1666,1832
1667,1834
1668,1833
1669,1835
1670,1836
1671,1837
1672,1838
1673,1839
1674,1840
1675,1841
1676,1842
1677,1843
1678,1844
1679,1845
1680,1846
1681,1847
1682,1848
1683,1849
1684,1851
1685,1855
1686,1856
1687,1857
1688,1858
1689,1859
1690,1860
1691,1862
1692,1863
1693,1864
1694,1865
1695,1866
1696,1868
1697,1869
1698,1870
1699,1871
1700,1872
1701,1877
1702,1878
1703,1879
1704,1880
1705,1882
1706,1883
1707,1884
1708,1885
1709,1886
1710,1887
1711,1888
1712,1889
1713,1890
1714,1891
1715,1892
1716,1893
1717,1894
1718,1898
1719,1899
1720,1900
1721,1901
1722,1902
1723,1903
1724,1904
1725,1905
1726,1906
1727,1907
1728,1908
1729,1909
1730,1910
1731,1911
1732,1912
1733,1913
1734,1915
1735,1916
1736,1927
1737,1928
1738,1930
1739,1929
1740,1931
1741,1932
1742,1933
1743,1934
1744,1935
1745,1936
1746,1937
1747,1938
1748,1940
1749,1939
1750,1941
1751,1942
1752,1943
1753,1945
1754,1944
1755,1946
1756,1947
1757,1948
1758,1949
1759,1955
1760,1956
1761,1957
1762,1958
1763,1959
1764,1960
1765,1961
1766,1962
1767,1963
1768,1964
1769,1965
1770,1966
1771,1967
1772,1968
1773,1969
1774,1970
1775,1971
1776,1972
1777,1974
1778,31876
1779,1975
1780,1977
1781,1978
1782,1979
1783,1980
1784,1981
1785,1983
1786,1982
1787,1984
1788,1985
1789,1986
1790,1988
1791,1987
1792,1989
1793,1990
1794,1991
1795,1992
1796,1993
1797,1995
1798,1994
1799,1996
1800,1997
1801,1998
1802,1999
1803,2001
1804,2033
1805,2034
1806,2035
1807,2036
1808,2038
1809,2039
1810,2040
1811,2041
1812,2042
1813,2043
1814,2044
1815,2045
1816,2046
1817,2047
1818,2052
1819,2053
1820,2054
1821,2055
1822,2056
1823,2057
1824,2058
1825,1919
1826,1923
1827,1924
1828,1925
1829,2065
1830,2066
1831,2067
1832,2068
1833,2069
1834,2071
1835,2072
1836,2070
1837,2073
1838,2074
1839,2079
1840,2080
1841,2081
1842,2082
1843,2083
1844,2084
1845,2086
1846,2092
1847,2093
1848,2094
1849,2095
1850,2096
1851,2097
1852,2098
1853,2099
1854,2100
1855,2101
1856,2102
1857,2103
1858,2104
1859,2105
1860,2106
1861,2107
1862,2108
1863,2110
1864,2109
1865,2112
1866,2113
1867,2114
1868,2115
1869,2116
1870,2117
1871,2118
1872,2119
1873,2120
1874,2121
1875,2124
1876,2125
1877,2126
1878,2127
1879,2128
1880,2129
1881,2130
1882,2132
1883,2131
1884,2133
1885,2134
1886,2135
1887,2136
1888,2137
1889,2133
1890,2141
1891,2142
1892,2143
1893,2146
1894,2144
1895,2145
1896,2147
1897,2150
1898,2151
1899,2152
1900,2153
1901,2154
1902,2155
1903,2156
1904,2157
1905,2158
1906,2159
1907,2160
1908,2161
1909,2162
1910,2163
1911,2164
1912,2165
1913,2166
1914,2167
1915,32034
1916,2168
1917,2169
1918,2170
1919,2171
1920,2172
1921,2173
1922,2174
1923,2175
1924,2176
1925,2177
1926,2178
1927,2179
1928,2181
1929,2180
1930,2182
1931,2184
1932,2185
1933,2186
1934,2187
1935,2190
1936,2192
1937,2197
1938,2198
1939,2199
1940,2200
1941,2201
1942,2202
1943,2203
1944,2204
1945,2205
1946,2206
1947,2207
1948,2208
1949,2209
1950,2210
1951,2211
1952,2212
1953,2213
1954,2214
1955,2216
1956,2215
1957,2217
1958,2218
1959,2220
1960,2219
1961,2221
1962,2222
1963,2223
1964,2224
1965,2225
1966,2226
1967,2227
1968,2228
1969,2229
1970,2230
1971,2231
1972,2232
1973,2233
1974,2234
1975,2235
1976,2236
1977,2237
1978,2238
1979,2239
1980,2240
1981,2241
1982,2242
1983,2243
1984,2246
1985,2244
1986,2245
1987,2251
1988,2252
1989,2253
1990,2254
1991,2255
1992,2256
1993,2257
1994,2258
1995,2259
1996,2260
1997,2261
1998,2262
1999,2263
2000,2264
2001,2265
2002,2267
2003,2266
2004,2268
2005,2269
2006,2270
2007,2271
2008,2274
2009,2272
2010,2273
2011,2275
2012,2276
2013,2277
2014,2278
2015,2279
2016,2280
2017,2281
2018,2282
2019,2283
2020,2284
2021,2285
2022,2286
2023,2287
2024,2288
2025,2291
2026,2292
2027,2293
2028,2294
2029,2295
2030,2296
2031,2297
2032,2298
2033,2299
2034,2300
2035,2301
2036,2302
2037,2303
2038,2304
2039,2305
2040,2306
2041,2307
2042,2308
2043,2309
2044,2310
2045,2311
2046,2316
2047,2317
2048,2318
2049,2319
2050,2320
2051,2321
2052,2322
2053,2323
2054,2324
2055,2325
2056,2326
2057,2327
2058,2328
2059,2329
2060,2330
2061,2331
2062,2341
2063,2332
2064,2333
2065,2334
2066,2335
2067,2336
2068,2337
2069,2338
2070,2329
2071,2342
2072,2343
2073,2344
2074,2345
2075,2346
2076,2347
2077,2348
2078,2349
2079,2350
2080,2351
2081,2352
2082,2353
2083,2354
2084,2355
2085,2356
2086,2357
2087,2358
2088,2422
2089,2423
2090,2424
2091,2425
2092,2426
2093,2427
2094,2428
2095,2429
2096,2430
2097,2431
2098,2432
2099,2433
2100,2434
2101,2435
2102,2436
2103,2437
2104,2438
2105,2439
2106,2440
2107,2441
2108,2442
2109,2444
2110,2445
2111,2446
2112,2447
2113,2448
2114,2449
2115,2450
2116,2361
2117,2362
2118,2363
2119,2364
2120,2365
2121,2366
2122,2367
2123,2368
2124,2369
2125,2370
2126,2371
2127,2372
2128,2373
2129,2374
2130,2375
2131,2376
2132,2377
2133,2378
2134,2379
2135,2380
2136,2384
2137,2385
2138,2386
2139,2387
2140,2388
2141,2389
2142,2390
2143,2391
2144,2392
2145,2393
2146,2394
2147,2395
2148,2396
2149,2397
2150,2398
2151,2399
2152,2400
2153,2401
2154,2402
2155,2403
2156,2404
2157,2405
2158,2406
2159,2407
2160,2408
2161,2409
2162,2410
2163,2411
2164,2412
2165,2413
2166,2414
2167,2415
2168,2417
2169,2418
2170,2453
2171,2454
2172,2455
2173,2456
2174,2457
2175,2458
2176,2459
2177,2460
2178,2461
2179,2462
2180,2463
2181,2464
2182,2465
2183,2466
2184,2467
2185,2468
2186,2472
2187,2473
2188,2474
2189,2475
2190,2476
2191,2477
2192,2478
2193,2479
2194,2480
2195,2481
2196,2482
2197,2483
2198,2484
2199,2485
2200,2486
2201,2488
2202,2489
2203,2491
2204,2492
2205,2493
2206,2494
2207,2495
2208,2496
2209,2497
2210,2498
2211,2499
2212,2500
2213,2501
2214,2504
2215,2503
2216,2509
2217,2510
2218,2511
2219,2512
2220,2513
2221,2514
2222,2515
2223,2516
2224,2517
2225,2518
2226,2519
2227,2520
2228,2521
2229,2522
2230,2523
2231,2524
2232,2525
2233,2526
2234,2528
2235,2529
2236,2530
2237,2531
2238,2532
2239,2533
2240,2534
2241,2535
2242,2536
2243,2537
2244,2538
2245,2539
2246,2540
2247,2541
2248,2542
2249,2544
2250,2545
2251,2546
2252,2547
2253,2548
2254,2549
2255,2550
2256,2551
2257,2552
2258,2555
2259,2553
2260,2554
2261,2569
2262,2568
2263,2556
2264,2557
2265,2558
2266,2562
2267,2563
2268,2565
2269,2559
2270,2560
2271,2561
2272,2564
2273,2566
2274,2567
2275,32419
2276,2575
2277,2576
2278,2577
2279,2578
2280,2574
2281,2579
2282,2580
2283,2570
2284,2581
2285,2582
2286,2583
2287,2584
2288,2585
2289,2586
2290,2587
2291,2588
2292,2589
2293,2590
2294,2591
2295,2592
2296,2593
2297,2595
2298,2596
2299,2597
2300,2598
2301,2599
2302,2600
2303,2601
2304,2602
2305,2603
2306,2604
2307,2606
2308,2605
2309,2611
2310,2608
2311,2612
2312,2613
2313,2614
2314,2615
2315,2616
2316,2618
2317,2619
2318,2620
2319,2621
2320,2622
2321,2617
2322,2623
2323,2624
2324,2625
2325,2630
2326,2631
2327,2634
2328,2654
2329,2655
2330,2656
2331,2657
2332,2658
2333,2659
2334,2660
2335,2661
2336,2662
2337,2663
2338,2664
2339,2635
2340,2649
2341,2650
2342,2651
2343,2652
2344,2653
2345,2636
2346,2637
2347,2638
2348,2639
2349,2640
2350,2641
2351,2642
2352,2643
2353,2644
2354,2645
2355,2646
2356,2647
2357,2648
2358,2665
2359,2668
2360,2669
2361,2670
2362,2671
2363,2672
2364,2673
2365,2675
2366,2676
2367,2677
2368,2678
2369,2679
2370,2681
2371,2680
2372,2682
2373,2683
2374,2685
2375,2686
2376,2687
2377,2688
2378,2689
2379,32536
2380,2690
2381,2691
2382,2694
2383,2695
2384,2696
2385,2697
2386,2698
2387,2699
2388,2700
2389,2701
2390,2702
2391,2703
2392,2704
2393,2705
2394,2706
2395,2707
2396,2708
2397,2756
2398,2709
2399,2710
2400,2711
2401,2712
2402,2715
2403,2716
2404,2717
2405,2718
2406,2719
2407,2720
2408,2721
2409,2722
2410,2723
2411,2724
2412,2725
2413,2726
2414,2727
2415,2728
2416,2729
2417,2730
2418,2731
2419,2732
2420,2733
2421,2734
2422,2735
2423,2736
2424,2737
2425,2738
2426,2739
2427,2740
2428,2741
2429,2743
2430,2744
2431,2745
2432,2747
2433,2746
2434,2748
2435,2749
2436,2757
2437,2758
2438,2759
2439,2760
2440,2761
2441,2762
2442,2763
2443,2764
2444,2765
2445,2766
2446,2768
2447,2769
2448,2770
2449,2771
2450,2772
2451,2773
2452,2774
2453,2775
2454,2776
2455,2777
2456,2778
2457,2779
2458,2780
2459,2781
2460,2782
2461,2783
2462,2784
2463,2785
2464,2786
2465,2790
2466,2791
2467,2792
2468,2793
2469,2794
2470,2795
2471,2796
2472,2797
2473,2798
2474,2799
2475,2800
2476,2801
2477,2802
2478,2803
2479,2804
2480,2808
2481,2809
2482,2810
2483,2811
2484,2812
2485,2813
2486,2814
2487,2815
2488,2816
2489,2817
2490,2818
2491,2819
2492,2820
2493,2821
2494,2822
2495,2823
2496,2825
2497,2826
2498,2827
2499,2828
2500,2829
2501,2830
2502,2831
2503,2842
2504,2850
2505,2848
2506,2833
2507,2840
2508,2839
2509,2844
2510,2843
2511,2845
2512,2838
2513,2841
2514,2837
2515,2846
2516,2858
2517,2851
2518,2832
2519,2859
2520,2860
2521,2861
2522,2862
2523,2863
2524,2864
2525,2865
2526,2866
2527,2867
2528,2868
2529,2869
2530,2870
2531,2871
2532,2872
2533,2873
2534,2874
2535,2875
2536,2876
2537,2877
2538,2878
2539,2879
2540,2880
2541,2881
2542,2882
2543,2883
2544,2884
2545,2885
2546,2886
2547,2887
2548,3104
2549,3105
2550,3106
2551,3107
2552,3108
2553,3109
2554,3112
2555,3110
2556,3111
2557,3113
2558,3118
2559,3119
2560,3120
2561,3121
2562,3122
2563,3123
2564,3124
2565,3125
2566,3126
2567,2893
2568,2894
2569,2895
2570,2896
2571,2897
2572,2898
2573,2899
2574,2900
2575,2901
2576,2902
2577,2903
2578,2904
2579,2905
2580,2906
2581,2907
2582,2908
2583,2909
2584,2910
2585,2911
2586,2912
2587,2913
2588,2914
2589,2915
2590,2916
2591,2917
2592,2918
2593,2919
2594,2925
2595,2926
2596,2927
2597,2928
2598,2929
2599,2930
2600,2931
2601,2932
2602,2933
2603,2934
2604,2935
2605,2936
2606,2937
2607,2938
2608,2939
2609,2947
2610,2946
2611,2948
2612,2967
2613,32817
2614,2949
2615,2950
2616,2951
2617,2952
2618,2953
2619,2954
2620,2955
2621,2956
2622,2957
2623,2959
2624,2960
2625,2969
2626,2970
2627,2972
2628,2975
2629,2977
2630,2978
2631,2979
2632,2980
2633,2981
2634,2982
2635,2983
2636,2984
2637,2985
2638,2986
2639,2976
2640,2987
2641,2988
2642,2989
2643,2993
2644,2994
2645,2995
2646,2996
2647,2997
2648,2998
2649,2999
2650,3000
2651,3001
2652,3002
2653,3003
2654,3033
2655,3034
2656,3035
2657,3036
2658,3037
2659,3038
2660,3039
2661,3040
2662,3041
2663,3042
2664,3043
2665,3044
2666,3045
2667,3046
2668,3047
2669,3048
2670,3049
2671,3050
2672,3052
2673,3051
2674,3053
2675,3054
2676,3055
2677,3056
2678,3057
2679,3058
2680,3063
2681,3064
2682,3065
2683,3066
2684,3067
2685,3068
2686,3069
2687,3070
2688,3071
2689,3072
2690,3073
2691,3074
2692,3075
2693,3076
2694,3077
2695,3081
2696,3082
2697,3083
2698,3085
2699,3086
2700,3087
2701,3088
2702,3089
2703,3090
2704,3091
2705,3092
2706,3093
2707,3094
2708,3095
2709,3096
2710,3097
2711,3099
2712,3128
2713,3129
2714,3130
2715,3131
2716,3132
2717,3133
2718,3134
2719,3135
2720,3136
2721,3137
2722,3143
2723,3144
2724,3145
2725,3146
2726,3147
2727,3148
2728,3149
2729,3150
2730,3151
2731,3152
2732,3153
2733,3005
2734,3006
2735,3007
2736,3008
2737,3009
2738,3010
2739,3011
2740,3012
2741,3013
2742,3014
2743,3021
2744,3022
2745,3023
2746,3024
2747,3025
2748,3026
2749,3029
2750,3027
2751,3159
2752,3160
2753,3161
2754,3162
2755,3163
2756,3164
2757,3169
2758,3170
2759,3171
2760,3173
2761,3172
2762,3174
2763,3175
2764,3176
2765,3178
2766,3179
2767,3180
2768,3181
2769,3182
2770,3183
2771,3184
2772,3185
2773,3186
2774,3187
2775,3188
2776,3190
2777,3189
2778,3191
2779,3192
2780,3193
2781,3195
2782,3194
2783,3196
2784,3197
2785,3198
2786,3199
2787,3200
2788,3201
2789,3202
2790,3203
2791,3204
2792,3205
2793,3206
2794,3207
2795,3208
2796,3209
2797,3210
2798,3211
2799,3213
2800,3212
2801,3214
2802,3215
2803,3216
2804,3218
2805,3217
2806,3219
2807,3220
2808,3221
2809,3222
2810,3223
2811,3224
2812,3225
2813,3226
2814,3229
2815,3230
2816,3231
2817,3232
2818,3233
2819,3234
2820,3235
2821,3236
2822,3237
2823,3238
2824,3239
2825,3240
2826,3244
2827,3245
2828,3246
2829,3247
2830,3248
2831,3249
2832,3250
2833,3251
2834,3252
2835,3253
2836,3254
2837,3255
2838,3256
2839,3257
2840,3259
2841,3258
2842,3260
2843,3261
2844,3262
2845,3263
2846,3264
2847,3265
2848,3266
2849,3267
2850,3268
2851,3269
2852,3270
2853,3271
2854,3272
2855,3273
2856,3274
2857,3275
2858,3276
2859,3277
2860,3278
2861,3279
2862,3280
2863,3281
2864,3282
2865,3283
2866,3284
2867,3285
2868,3286
2869,3287
2870,3288
2871,3289
2872,3290
2873,3291
2874,3292
2875,3293
2876,3294
2877,3295
2878,3296
2879,3297
2880,3298
2881,3299
2882,3300
2883,3334
2884,3301
2885,3302
2886,3303
2887,3304
2888,3305
2889,3306
2890,3326
2891,3327
2892,3328
2893,3307
2894,3323
2895,3324
2896,3325
2897,3308
2898,3333
2899,33138
2900,3336
2901,3329
2902,3331
2903,3332
2904,3330
2905,3309
2906,3310
2907,3317
2908,3313
2909,3314
2910,3315
2911,3316
2912,3340
2913,3341
2914,3342
2915,3343
2916,3344
2917,3345
2918,3346
2919,3347
2920,3348
2921,3349
2922,3337
2923,3338
2924,3351
2925,3352
2926,3353
2927,3354
2928,3316
2929,3355
2930,3356
2931,3357
2932,3358
2933,3359
2934,3360
2935,3360
2936,3361
2937,3362
2938,3363
2939,3364
2940,3365
2941,3366
2942,3367
2943,3368
2944,3369
2945,3370
2946,3372
2947,3374
2948,3375
2949,3376
2950,3377
2951,3378
2952,3379
2953,3380
2954,3381
2955,3382
2956,3383
2957,3384
2958,3385
2959,3386
2960,3387
2961,3388
2962,3389
2963,3391
2964,3407
2965,3408
2966,3410
2967,3411
2968,3412
2969,3413
2970,3414
2971,3415
2972,3416
2973,3417
2974,3418
2975,3419
2976,3420
2977,3421
2978,3422
2979,3423
2980,3424
2981,3403
2982,3394
2983,3395
2984,3396
2985,3397
2986,3398
2987,3399
2988,3400
2989,3401
2990,3402
2991,3392
2992,3393
2993,3405
2994,3404
2995,3425
2996,3426
2997,3427
2998,3428
2999,3429
3000,3430
3001,3431
3002,3433
3003,3432
3004,3434
3005,3435
3006,3436
3007,3437
3008,3438
3009,3439
3010,3440
3011,3441
3012,3442
3013,3443
3014,3446
3015,3447
3016,3448
3017,3449
3018,3451
3019,3450
3020,3452
3021,33270
3022,3453
3023,3455
3024,3454
3025,3456
3026,3458
3027,3461
3028,3459
3029,3460
3030,3462
3031,3463
3032,3467
3033,3468
3034,3469
3035,3470
3036,3471
3037,3472
3038,3473
3039,3474
3040,3475
3041,3476
3042,3477
3043,3478
3044,3479
3045,3480
3046,3481
3047,3482
3048,3483
3049,3484
3050,3485
3051,3486
3052,3487
3053,3488
3054,3489
3055,3490
3056,3491
3057,3492
3058,3493
3059,3494
3060,3495
3061,3496
3062,3497
3063,3499
3064,3501
3065,3500
3066,3502
3067,3503
3068,3504
3069,3505
3070,3506
3071,3507
3072,3508
3073,3509
3074,3510
3075,3511
3076,3512
3077,3513
3078,3514
3079,3515
3080,3516
3081,3517
3082,3519
3083,3518
3084,3520
3085,3521a
3086,3522
3087,3524
3088,3523
3089,33340
3090,3525
3091,3526
3092,3527
3093,3528
3094,3529
3095,3530
3096,3531
3097,3532
3098,3533
3099,3534
3100,3535
3101,3672
3102,3673
3103,3674
3104,3675
3105,3676
3106,3677
3107,3678
3108,3679
3109,3680
3110,3681
3111,3682
3112,3683
3113,3684
3114,3685
3115,3686
3116,3687
3117,3688
3118,3689
3119,3690
3120,3691
3121,3649
3122,3650
3123,3651
3124,3652
3125,3653
3126,3654
3127,3655
3128,3656
3129,3657
3130,3658
3131,3659
3132,3660
3133,3661
3134,3662
3135,3664
3136,3665
3137,3663
3138,3666
3139,3626
3140,3627
3141,3628
3142,3629
3143,3630
3144,3631
3145,3632
3146,3634
3147,3636
3148,3635
3149,3637
3150,3638
3151,3639
3152,3640
3153,3641
3154,3642
3155,3596
3156,3597
3157,3599
3158,3598
3159,3600
3160,3601
3161,3602
3162,3603
3163,3604
3164,3605
3165,3606
3166,3607
3167,3608
3168,3609
3169,3610
3170,3611
3171,3612
3172,3613
3173,3614
3174,3615
3175,3616
3176,3617
3177,3618
3178,3619
3179,3620
3180,3621
3181,3622
3182,3623
3183,3776
3184,3777
3185,3778
3186,3779
3187,3780
3188,3781
3189,3782
3190,3783
3191,3784
3192,3785
3193,3786
3194,3787
3195,3788
3196,3789
3197,3793
3198,3794
3199,3795
3200,3796
3201,3797
3202,3798
3203,3799
3204,3800
3205,3801
3206,3802
3207,3803
3208,3804
3209,3805
3210,3843
3211,3844
3212,3846
3213,3845
3214,3847
3215,3848
3216,3850
3217,3849
3218,3851
3219,3852
3220,3853
3221,3856
3222,3857
3223,3859
3224,3858
3225,33487
3226,3860
3227,3861
3228,3809
3229,3810
3230,3811
3231,3812
3232,3813
3233,3814
3234,3815
3235,3816
3236,3817
3237,3818
3238,3819
3239,3820
3240,3821
3241,3822
3242,3823
3243,3824
3244,3825
3245,3826
3246,3827
3247,3828
3248,3829
3249,3830
3250,3831
3251,3832
3252,3833
3253,3834
3254,33517
3255,3835
3256,3836
3257,3837
3258,3838
3259,3839
3260,3840
3261,3841
3262,3746
3263,3747
3264,3748
3265,3749
3266,33529
3267,3750
3268,3751
3269,3752
3270,3753
3271,3754
3272,3755
3273,3757
3274,3756
3275,3758
3276,3759
3277,3760
3278,3761
3279,3762
3280,3764
3281,3763
3282,3765
3283,3766
3284,3767
3285,3768
3286,3540
3287,3541
3288,3542
3289,3543
3290,3544
3291,3545
3292,3546
3293,3547
3294,3548
3295,3549
3296,3569
3297,3550
3298,3551
3299,3552
3300,3553
3301,3554
3302,3555
3303,3556
3304,3557
3305,3558
3306,3559
3307,3560
3308,3561
3309,3562
3310,3563
3311,3570
3312,3571
3313,3572
3314,3573
3315,3574
3316,3575
3317,3576
3318,3577
3319,3578
3320,3580
3321,3587
3322,3579
3323,3581
3324,3582
3325,3583
3326,3584
3327,3585
3328,3586
3329,3588
3330,3589
3331,3590
3332,3591
3333,3592
3334,3694
3335,3695
3336,3696
3337,3697
3338,3698
3339,3699
3340,3700
3341,3701
3342,3702
3343,3703
3344,3705
3345,3704
3346,3706
3347,3707
3348,3708a
3349,3710
3350,3709
3351,3711
3352,3712
3353,3713
3354,3714
3355,3715
3356,3716
3357,3717
3358,3718
3359,3719
3360,3708b
3361,3720
3362,3725
3363,3726
3364,3727
3365,3728
3366,3729
3367,3730
3368,3731
3369,3732
3370,3733
3371,3734
3372,3735
3373,3736
3374,3737
3375,3738
3376,3739
3377,3862
3378,3863
3379,3864
3380,3865
3381,3866
3382,3869
3383,3870
3384,3872
